SubjectArea,Subject,Band,ASSkill,ASComponentText,Strand,Keywords,LinkedContentCodes,ConfidenceScore
English,English,Foundation A,Speaking and Listening,"When interacting with others, students use their preferred communication modality to express immediate needs. They briefly engage in shared attention and use their preferred communication modality to attract attention or continue an action.","Language,Literacy","attention,communication,engage,express,interact,modality,use","VC2EFALA01,VC2EFALA03,VC2EFALE01,VC2EFALE02,VC2EFALY01",High
English,English,Foundation A,Speaking and Listening,They use their preferred communication modality to demonstrate preferences through the acceptance or rejection of familiar objects or activities.,"Language,Literacy","communication,demonstrate,modality,preferences,use","VC2EFALA01,VC2EFALA03,VC2EFALY03",High
English,English,Foundation A,Reading and Viewing,"When listening to and/or viewing print and digital texts, students engage with a range of different types of texts and respond by attending to and exploring images, sounds and/or sensory experiences related to texts.","Language,Literacy","attend,engage,images,listen,respond,sounds,texts,view","VC2EFALA01,VC2EFALA02,VC2EFALA03,VC2EFALE01,VC2EFALE02,VC2EFALY02",High
English,English,Foundation A,Reading and Viewing,They demonstrate interest in texts and engage for brief periods when having a book or other text read to them.,"Language,Literacy","demonstrate,engage,read,texts","VC2EFALA01,VC2EFALA02,VC2EFALA03,VC2EFALE01,VC2EFALE02,VC2EFALY02",High
English,English,Foundation A,Reading and Viewing,"They respond to letters and their sounds, and to vocabulary used in reference to objects and activities that are familiar or of personal interest.","Language,Literacy","letters,respond,sounds,use,vocabulary","VC2EFALA01,VC2EFALE01,VC2EFALE02",High
English,English,Foundation A,Writing,"When creating texts, students demonstrate short periods of shared attention and participate in the joint construction of text.","Language,Literacy","attention,construct,demonstrate,participate,texts","VC2EFALA03,VC2EFALE01,VC2EFALY02,VC2EFALY03,VC2EFALY04",High
English,English,Foundation A,Writing,They manipulate a range of tools to make marks.,"Language,Literacy",manipulate,"VC2EFALA03,VC2EFALE01,VC2EFALY02,VC2EFALY03,VC2EFALY04",High
English,English,Foundation B,Speaking and Listening,"When interacting with others, students communicate using their preferred communication modality. They can reliably accept or reject objects, actions or events.","Language,Literacy","communicate,communication,interact,modality","VC2EFBLA01,VC2EFBLA05,VC2EFBLE01,VC2EFBLE02,VC2EFBLY01",High
English,English,Foundation B,Speaking and Listening,"Students attend and respond to interactions consistently. They use single objects, gestures, symbols or words to express ideas related to their immediate environment.","Language,Literacy","attend,express,ideas,interact,respond,use,words","VC2EFBLA01,VC2EFBLA05,VC2EFBLY03,VC2EFBLY04,VC2EFBLY06",High
English,English,Foundation B,Reading and Viewing,"When listening to and/or viewing print and digital texts, students engage with a range of different types of texts and identify an event in a story.","Language,Literacy","engage,identify,listen,texts,view","VC2EFBLA01,VC2EFBLA05,VC2EFBLY03,VC2EFBLY04,VC2EFBLY06",High
English,English,Foundation B,Reading and Viewing,"They recognise familiar images, letters and words in their environment.",Literacy,"images,letters,recognise,words","VC2EFBLY01,VC2EFBLY02,VC2EFBLY03,VC2EFBLY04",High
English,English,Foundation B,Reading and Viewing,"When demonstrating understanding of texts, students use their preferred communication modality to communicate single ideas or concepts without elaboration or detail.","Language,Literacy","communicate,communication,ideas,modality,texts,understand,use","VC2EFBLA01,VC2EFBLA02,VC2EFBLA03,VC2EFBLA04,VC2EFBLY01,VC2EFBLY02",High
English,English,Foundation B,Reading and Viewing,"Students identify how text is organised for navigation by using features of a text, such as the appropriate orientation and turning pages.","Language,Literacy",identify,"VC2EFBLA01,VC2EFBLA02,VC2EFBLY01,VC2EFBLY02",High
English,English,Foundation B,Writing,"When co-creating and sharing short texts, students recount ideas by identifying an image, character or event in a preferred or known text.","Literature,Literacy","ideas,identify,texts","VC2EFBLE01,VC2EFBLE02,VC2EFBLY01,VC2EFBLY02,VC2EFBLY03,VC2EFBLY04",High
English,English,Foundation B,Writing,Students express ideas using their preferred communication modality.,Language,"communication,express,ideas,modality","VC2EFBLA01,VC2EFBLA02,VC2EFBLA03,VC2EFBLA04",High
English,English,Foundation B,Writing,They participate in writing by intentionally making marks and repeating movements using writing tools and materials.,Literacy,participate,"VC2EFBLY01,VC2EFBLY02,VC2EFBLY03,VC2EFBLY04",High
English,English,Foundation C,Speaking and Listening,"When interacting with others, students initiate and respond to communication using learnt vocabulary to express ideas and describe activities or experiences. Using their preferred communication modality, students use interaction skills, such as attending and responding, using short phrases to express ideas.",Language,"attend,communication,describe,express,ideas,interact,modality,respond,use,vocabulary","VC2EFCLA01,VC2EFCLA02,VC2EFCLA03,VC2EFCLA04",High
English,English,Foundation C,Speaking and Listening,"They use short phrases to request, accept or reject objects, actions or events, using their preferred communication modality.",Language,"communication,modality,use","VC2EFCLA01,VC2EFCLA02,VC2EFCLA03,VC2EFCLA04",High
English,English,Foundation C,Reading and Viewing,"When listening to and/or viewing print and digital texts, students engage with a range of different types of texts, and identify and comment on events and characters in a story.","Literature,Literacy","engage,identify,listen,texts,view","VC2EFCLE01,VC2EFCLE02,VC2EFCLY01,VC2EFCLY02,VC2EFCLY03,VC2EFCLY04",High
English,English,Foundation C,Reading and Viewing,"They recognise and name familiar images, some letters and their sounds, and words in a variety of situations and contexts at school.",Literacy,"images,letters,recognise,sounds,texts,words","VC2EFCLY01,VC2EFCLY02,VC2EFCLY03,VC2EFCLY04",High
English,English,Foundation C,Reading and Viewing,"When demonstrating understanding of texts, students respond to simple questions by using their preferred communication modality to express ideas or comment without elaboration or detail.","Language,Literacy","communication,express,ideas,modality,respond,texts,understand","VC2EFCLA01,VC2EFCLA02,VC2EFCLA03,VC2EFCLA04,VC2EFCLY01,VC2EFCLY02",High
English,English,Foundation C,Reading and Viewing,Students identify how text is organised for navigation by turning one page at a time and differentiating between words and images in print.,"Language,Literacy","identify,images,words","VC2EFCLA01,VC2EFCLA02,VC2EFCLY01,VC2EFCLY02",High
English,English,Foundation C,Writing,"When co-creating and sharing short texts, students retell ideas by sequencing images.",Literacy,"ideas,images,texts","VC2EFCLY01,VC2EFCLY02,VC2EFCLY03,VC2EFCLY04",High
English,English,Foundation C,Writing,Students express ideas using their preferred communication modality.,Language,"communication,express,ideas,modality","VC2EFCLA01,VC2EFCLA02,VC2EFCLA03,VC2EFCLA04",High
English,English,Foundation C,Writing,They participate in writing by using writing tools and materials to create letter-like symbols.,Literacy,"create,participate","VC2EFCLY01,VC2EFCLY02,VC2EFCLY03,VC2EFCLY04",High
English,English,Foundation D,Speaking and Listening,"When interacting with others, students initiate and sustain interactions, responding using learnt vocabulary and phrasing, using their preferred communication modality.",Language,"communication,interact,modality,respond,vocabulary","VC2EFDLA01,VC2EFDLA02,VC2EFDLA03,VC2EFDLA04",High
English,English,Foundation D,Speaking and Listening,"They use phrases to communicate interests, preferences and ideas.",Language,"communicate,ideas,preferences,use","VC2EFDLA01,VC2EFDLA02,VC2EFDLA03,VC2EFDLA04",High
English,English,Foundation D,Speaking and Listening,"When communicating to an audience in familiar or structured situations, students present an idea or retell a story or event, using phrases to express ideas.","Language,Literature","audience,express,ideas,present","VC2EFDLA01,VC2EFDLA02,VC2EFDLA03,VC2EFDLA04,VC2EFDLE01,VC2EFDLE02",High
English,English,Foundation D,Reading and Viewing,"When listening to and/or viewing a range of print and digital text types, students recognise, comment on and share feelings about settings, characters and events.","Literature,Literacy","listen,recognise,view","VC2EFDLE01,VC2EFDLE02,VC2EFDLY01,VC2EFDLY02,VC2EFDLY03,VC2EFDLY04",High
English,English,Foundation D,Reading and Viewing,"They replicate rhythms and sounds patterns, blend and segment one-syllable words, read some consonant-vowel-consonant (CVC) words and decode a small number of familiar words. They demonstrate knowledge of some phoneme–grapheme correspondences.",Literacy,"blend,demonstrate,knowledge,read,respond,segment,sounds,words","VC2EFDLY01,VC2EFDLY02,VC2EFDLY03,VC2EFDLY04",High
English,English,Foundation D,Reading and Viewing,"When demonstrating understanding of texts, students use comprehension strategies, such as connecting, predicting and questioning. They identify that images, letters, sounds and words contribute to meaning.",Literacy,"identify,images,letters,meaning,sounds,texts,understand,use,words","VC2EFDLY01,VC2EFDLY02,VC2EFDLY03,VC2EFDLY04",High
English,English,Foundation D,Reading and Viewing,"Students identify how types of text, in print, digital and multimodal format, are organised for purpose and navigation. They demonstrate knowledge of key elements of the sequence and structure of a text.","Language,Literacy","demonstrate,identify,knowledge,purpose","VC2EFDLA01,VC2EFDLA02,VC2EFDLY01,VC2EFDLY02",High
English,English,Foundation D,Writing,"When creating and sharing short texts, students retell stories and report information using familiar symbols, letters and words.",Literacy,"information,letters,texts,words","VC2EFDLY01,VC2EFDLY02,VC2EFDLY03,VC2EFDLY04",High
English,English,Foundation D,Writing,"They participate in shared editing processes, applying knowledge of capital letters and spacing between words.",Literacy,"apply,edit,knowledge,letters,participate,words","VC2EFDLY01,VC2EFDLY02,VC2EFDLY03,VC2EFDLY04",High
English,English,Foundation D,Writing,"They identify and select symbols, signs and letters to create a text. They independently form some letters, and group clusters of marks or letters that are separated by spaces to make words that convey meaning.",Literacy,"create,identify,letters,meaning,select,words","VC2EFDLY01,VC2EFDLY02,VC2EFDLY03,VC2EFDLY04",High
English,English,Foundation D,Writing,They use some phoneme–grapheme correspondences and form some familiar words.,Literacy,"respond,use,words","VC2EFDLY01,VC2EFDLY02,VC2EFDLY03,VC2EFDLY04",High
English,English,Foundation D,Writing,They create images that represent ideas and show features that are understood by others.,Literacy,"create,ideas,images,present","VC2EFDLY01,VC2EFDLY02,VC2EFDLY03,VC2EFDLY04",High
English,English,Foundation,Speaking and Listening,"When interacting with others, students explore vocabulary used in familiar contexts and how language changes in different contexts.","Language,Literacy","explore,interact,language,texts,use,vocabulary","VC2EFLA01,VC2EFLA02,VC2EFLY01,VC2EFLY02,VC2EFLY03,VC2EFLY04",High
English,English,Foundation,Speaking and Listening,They share thoughts and preferences.,Literacy,preferences,"VC2EFLY01,VC2EFLY02,VC2EFLY03,VC2EFLY04",High
English,English,Foundation,Speaking and Listening,"When speaking to an audience, students deliver short spoken texts, including retelling stories and reporting events, using features of voice.","Language,Literacy","audience,deliver,speak,texts,voice","VC2EFLA01,VC2EFLA02,VC2EFLY01,VC2EFLY02,VC2EFLY03,VC2EFLY04",High
English,English,Foundation,Reading and Viewing,"When listening, reading and viewing, students engage with a range of different types of texts, including decodable and authentic texts, using developing phonic knowledge.",Literacy,"develop,engage,knowledge,listen,read,texts,view","VC2EFLY01,VC2EFLY02,VC2EFLY03,VC2EFLY04",High
English,English,Foundation,Reading and Viewing,"They blend, segment and manipulate phonemes in one-syllable words, and use knowledge of letters and sounds to read consonant-vowel-consonant (CVC) words. They read some high-frequency words and identify boundary punctuation.",Literacy,"blend,identify,knowledge,letters,manipulate,punctuation,read,segment,sounds,use,words","VC2EFLY01,VC2EFLY02,VC2EFLY03,VC2EFLY04",High
English,English,Foundation,Reading and Viewing,"When demonstrating understanding of texts, students identify and make connections between characters, settings and events and their own feelings and thoughts.","Literature,Literacy","identify,texts,understand","VC2EFLE01,VC2EFLE02,VC2EFLY01,VC2EFLY02,VC2EFLY03,VC2EFLY04",High
English,English,Foundation,Reading and Viewing,"They identify how types of texts, both print and digital, are organised for purpose and navigation. They compare how textual elements other than language, such as images and sounds, can contribute to meaning.",Literacy,"compare,identify,images,language,meaning,purpose,sounds,texts","VC2EFLY01,VC2EFLY02,VC2EFLY03,VC2EFLY04",High
English,English,Foundation,Writing,"When creating and sharing short texts, students retell stories and report information, using familiar words and images where appropriate. They share in simple editing processes.",Literacy,"edit,images,information,texts,words","VC2EFLY01,VC2EFLY02,VC2EFLY03,VC2EFLY04",High
English,English,Foundation,Writing,"They use words, phrases and punctuation, including capital letters and full stops, from familiar contexts and texts, and from their learning.",Literacy,"letters,punctuation,texts,use,words","VC2EFLY01,VC2EFLY02,VC2EFLY03,VC2EFLY04",High
English,English,Foundation,Writing,They form letters and spell most consonant-vowel-consonant (CVC) words.,Literacy,"letters,words","VC2EFLY01,VC2EFLY02,VC2EFLY03,VC2EFLY04",High
English,English,Year 1,Speaking and Listening,"When interacting with others, students understand the vocabulary of curriculum area topics and use language, facial expressions and gestures when requesting, exclaiming and commanding. They use turn-taking skills.",Language,"express,interact,language,understand,use,vocabulary","VC2E1LA01,VC2E1LA02,VC2E1LA03,VC2E1LA04",High
English,English,Year 1,Speaking and Listening,They explore language to express preferences and opinions.,Language,"explore,express,language,preferences","VC2E1LA01,VC2E1LA02,VC2E1LA03,VC2E1LA04",High
English,English,Year 1,Speaking and Listening,"When speaking to an audience, students deliver short spoken texts, engaging with personal or learnt topics, using features of voice.",Language,"audience,deliver,speak,texts,voice","VC2E1LA01,VC2E1LA02,VC2E1LA03,VC2E1LA04",High
English,English,Year 1,Reading and Viewing,"When listening, reading and viewing, students engage with a range of different types of texts, including decodable and authentic texts, using developing phonic knowledge.",Literacy,"develop,engage,knowledge,listen,read,texts,view","VC2E1LY01,VC2E1LY02,VC2E1LY03,VC2E1LY04",High
English,English,Year 1,Reading and Viewing,"They blend, segment and manipulate words with one and 2 syllables. They read an increasing number of high-frequency words and understand boundary punctuation.",Literacy,"blend,manipulate,punctuation,read,segment,understand,words","VC2E1LY01,VC2E1LY02,VC2E1LY03,VC2E1LY04",High
English,English,Year 1,Reading and Viewing,"When demonstrating understanding of texts, students discuss characters, settings, events and images, and make connections between texts and their personal experiences. They begin to build their understanding of literal and inferred meanings. They identify how types of texts, both print and digital, are organised for purpose and navigation. They compare how textual elements other than language, such as images and sounds, can contribute to meaning in texts.","Literature,Literacy","build,compare,discuss,identify,images,language,meaning,purpose,sounds,texts,understand","VC2E1LE01,VC2E1LE02,VC2E1LY01,VC2E1LY02,VC2E1LY03,VC2E1LY04",High
English,English,Year 1,Writing,"When creating short written and spoken texts, students use narrative and informative text structures; incorporate some detail from previously encountered texts, learnt topics or topics of interest; and include appropriate multimodal elements. They re-read their texts and complete simple edits.",Literacy,"edit,read,texts,use","VC2E1LY01,VC2E1LY02,VC2E1LY03,VC2E1LY04",High
English,English,Year 1,Writing,They select learning area or topic-specific vocabulary.,"Language,Literacy","select,vocabulary","VC2E1LA01,VC2E1LA02,VC2E1LY01,VC2E1LY02",High
English,English,Year 1,Writing,"They write words using unjoined lower-case and upper-case letters. They spell most one- and 2-syllable words with common letter patterns and common grammatical morphemes, and an increasing number of high-frequency words. They apply boundary punctuation.",Literacy,"apply,letters,punctuation,words,write","VC2E1LY01,VC2E1LY02,VC2E1LY03,VC2E1LY04",High
English,English,Year 2,Speaking and Listening,"When interacting with others, students apply learnt vocabulary and vary language choices depending on context, actively listen to others, and extend their own ideas.","Language,Literacy","apply,ideas,interact,language,listen,vary,vocabulary","VC2E2LA01,VC2E2LA02,VC2E2LA03,VC2E2LA04,VC2E2LY01,VC2E2LY02",High
English,English,Year 2,Speaking and Listening,They explore the language of appreciation and provide reasons for preferences.,"Language,Literacy","explore,language,preferences","VC2E2LA01,VC2E2LA02,VC2E2LY01,VC2E2LY02",High
English,English,Year 2,Speaking and Listening,"When speaking to an audience, students deliver short spoken texts, engaging with topics for a familiar audience and appropriate for purpose, using features of voice.",Language,"audience,deliver,purpose,speak,texts,voice","VC2E2LA01,VC2E2LA02,VC2E2LA03,VC2E2LA04",High
English,English,Year 2,Reading and Viewing,"When reading and viewing, students engage with a range of different types of texts for meaning.",Literacy,"engage,meaning,read,texts,view","VC2E2LY01,VC2E2LY02,VC2E2LY03,VC2E2LY04",High
English,English,Year 2,Reading and Viewing,"They read using phonic, morphemic and vocabulary knowledge; grammatical knowledge such as compound sentences, noun and verb groups; and knowledge of punctuation.",Literacy,"knowledge,punctuation,read,sentences,vocabulary","VC2E2LY01,VC2E2LY02,VC2E2LY03,VC2E2LY04",High
English,English,Year 2,Reading and Viewing,They read some unfamiliar words and most high-frequency words.,Literacy,"read,words","VC2E2LY01,VC2E2LY02,VC2E2LY03,VC2E2LY04",High
English,English,Year 2,Reading and Viewing,"When demonstrating understanding of texts, students discuss and compare connections between characters, settings and events, and draw on their knowledge of context to build literal and inferred meanings. They express personal preferences for particular texts.","Literature,Literacy","build,compare,discuss,express,knowledge,meaning,preferences,texts,understand","VC2E2LE01,VC2E2LE02,VC2E2LY01,VC2E2LY02,VC2E2LY03,VC2E2LY04",High
English,English,Year 2,Reading and Viewing,"They describe how different types of texts across the curriculum, both print and digital, are organised for purpose and navigation. They understand that elements other than language – such as images and sounds – can multiply meanings in texts.",Literacy,"describe,images,language,meaning,purpose,sounds,texts,understand","VC2E2LY01,VC2E2LY02,VC2E2LY03,VC2E2LY04",High
English,English,Year 2,Writing,"When creating short written and spoken texts, including stories to inform, express an opinion, explore an idea or narrate for audiences, students use ideas and details from previously encountered texts, learnt topics or topics of interest, and include appropriate multimodal elements. They re-read their texts and edit for improvement.",Literacy,"audience,edit,explore,express,ideas,read,texts,use","VC2E2LY01,VC2E2LY02,VC2E2LY03,VC2E2LY04",High
English,English,Year 2,Writing,"They use narrative and informative text structures to organise their own texts, and they use grammar and punctuation to create links.",Literacy,"create,grammar,punctuation,texts,use","VC2E2LY01,VC2E2LY02,VC2E2LY03,VC2E2LY04",High
English,English,Year 2,Writing,They begin to make deliberate choices when applying learnt vocabulary.,"Language,Literacy","apply,vocabulary","VC2E2LA01,VC2E2LA02,VC2E2LY01,VC2E2LY02",High
English,English,Year 2,Writing,They write words using consistently legible unjoined lower-case and upper-case letters. They spell words with regular spelling patterns and use phonic and morphemic knowledge to attempt to spell words with less common patterns.,Literacy,"knowledge,letters,spelling,use,words,write","VC2E2LY01,VC2E2LY02,VC2E2LY03,VC2E2LY04",High
English,English,Year 3,Speaking and Listening,"When interacting with others, students extend topic-specific and appropriate vocabulary and use cooperation strategies and interaction skills to contribute to discussions.",Language,"discuss,interact,use,vocabulary","VC2E3LA01,VC2E3LA02,VC2E3LA03,VC2E3LA04",High
English,English,Year 3,Speaking and Listening,They explore the language of evaluation and emotion.,"Language,Literacy","explore,language","VC2E3LA01,VC2E3LA02,VC2E3LY01,VC2E3LY02",High
English,English,Year 3,Speaking and Listening,"When speaking to an audience, students deliver short spoken texts, exploring topics and text types, including multimodal or digital elements, and using features of voice.",Language,"audience,deliver,speak,texts,voice","VC2E3LA01,VC2E3LA02,VC2E3LA03,VC2E3LA04",High
English,English,Year 3,Reading and Viewing,"When reading and viewing, students engage with a range of different types of texts for meaning.",Literacy,"engage,meaning,read,texts,view","VC2E3LY01,VC2E3LY02,VC2E3LY03,VC2E3LY04",High
English,English,Year 3,Reading and Viewing,"They read using phonic, morphemic and vocabulary knowledge; grammatical knowledge such as subject–verb agreement and tense; and knowledge of apostrophe use.",Literacy,"knowledge,read,use,vocabulary","VC2E3LY01,VC2E3LY02,VC2E3LY03,VC2E3LY04",High
English,English,Year 3,Reading and Viewing,They read multisyllabic words with more complex letter patterns.,Literacy,"read,words","VC2E3LY01,VC2E3LY02,VC2E3LY03,VC2E3LY04",High
English,English,Year 3,Reading and Viewing,"When demonstrating understanding of texts, they discuss connections between the experiences of characters in texts and their own personal experiences to build literal and inferred meanings. They share personal preferences for texts.","Language,Literature","build,discuss,meaning,preferences,texts,understand","VC2E3LA01,VC2E3LA02,VC2E3LA03,VC2E3LA04,VC2E3LE01,VC2E3LE02",High
English,English,Year 3,Reading and Viewing,"They explore how different types of texts across the curriculum, both print and digital, use different structures for purpose and navigation. They identify literary devices, such as rhythm and onomatopoeia, and describe how images and sound can extend meaning.","Literature,Literacy","describe,explore,identify,images,meaning,purpose,texts,use","VC2E3LE01,VC2E3LE02,VC2E3LY01,VC2E3LY02,VC2E3LY03,VC2E3LY04",High
English,English,Year 3,Writing,"When creating written and spoken texts to inform, narrate, explain or argue, students use ideas and details from previously encountered texts, learnt topics or topics of interest, and they include appropriate multimodal elements. They re-read their texts and edit for meaning, structure and grammatical choices.",Literacy,"edit,explain,ideas,meaning,read,texts,use","VC2E3LY01,VC2E3LY02,VC2E3LY03,VC2E3LY04",High
English,English,Year 3,Writing,"They use text structures to begin to develop paragraphs for different purposes. They use grammar and punctuation to appropriately represent processes and connections, including using modal verbs.","Language,Literacy","develop,grammar,present,punctuation,purpose,use","VC2E3LA01,VC2E3LA02,VC2E3LY01,VC2E3LY02",High
English,English,Year 3,Writing,"They extend their use of topic-specific vocabulary, such as technical words, and adopt and adapt language features from texts.","Language,Literacy","adapt,language,texts,use,vocabulary,words","VC2E3LA01,VC2E3LA02,VC2E3LY01,VC2E3LY02",High
English,English,Year 3,Writing,"They write texts using letters that are joined, accurately formed and consistent in size. They spell multisyllabic words using phonic and morphemic knowledge, and high-frequency words.",Literacy,"knowledge,letters,texts,words,write","VC2E3LY01,VC2E3LY02,VC2E3LY03,VC2E3LY04",High
English,English,Year 4,Speaking and Listening,"When interacting with others, students use an expanded vocabulary and language to develop relationships in different contexts.",Language,"develop,interact,language,texts,use,vocabulary","VC2E4LA01,VC2E4LA02,VC2E4LA03,VC2E4LA04",High
English,English,Year 4,Speaking and Listening,"They share and extend ideas and information. They differentiate between the language of opinion, facts and feelings.",Language,"ideas,information,language","VC2E4LA01,VC2E4LA02,VC2E4LA03,VC2E4LA04",High
English,English,Year 4,Speaking and Listening,"When speaking to an audience, students deliver structured spoken texts, exploring topics and text types, including multimodal or digital elements. They use language suitable to context, and appropriate features of voice.",Language,"audience,deliver,language,speak,texts,use,voice","VC2E4LA01,VC2E4LA02,VC2E4LA03,VC2E4LA04",High
English,English,Year 4,Reading and Viewing,"When reading and viewing, students engage with a range of different types of texts for meaning.",Literacy,"engage,meaning,read,texts,view","VC2E4LY01,VC2E4LY02,VC2E4LY03,VC2E4LY04",High
English,English,Year 4,Reading and Viewing,"They read by integrating phonic, morphemic and vocabulary knowledge; grammatical knowledge such as the use of clauses and phrases to provide details and indicate relationships; and knowledge of punctuation for dialogue.",Literacy,"knowledge,punctuation,read,use,vocabulary","VC2E4LY01,VC2E4LY02,VC2E4LY03,VC2E4LY04",High
English,English,Year 4,Reading and Viewing,"When demonstrating understanding of texts, students consider storylines, ideas and relationships between characters to build literal and inferred meanings. They describe the effects of text structures and language features. They share opinions about texts.","Language,Literature","build,describe,ideas,language,meaning,texts,understand","VC2E4LA01,VC2E4LA02,VC2E4LA03,VC2E4LA04,VC2E4LE01,VC2E4LE02",High
English,English,Year 4,Reading and Viewing,"They explore how different types of texts across the curriculum, both print and digital, are organised into characteristic stages for purpose and navigation. They describe how literary devices, such as wordplay, shape meaning. They explore the framing and composition of still images and moving images and the use of sound.","Literature,Literacy","describe,explore,images,meaning,purpose,texts,use","VC2E4LE01,VC2E4LE02,VC2E4LY01,VC2E4LY02,VC2E4LY03,VC2E4LY04",High
English,English,Year 4,Writing,"When creating written and spoken texts for a small range of purposes and audiences, students adapt ideas and details from texts, learnt topics or topics of interest, and include appropriate multimodal elements. They edit their texts to improve content and structure.",Literacy,"adapt,audience,edit,ideas,purpose,texts","VC2E4LY01,VC2E4LY02,VC2E4LY03,VC2E4LY04",High
English,English,Year 4,Writing,"They use text structures to sequence and connect ideas and to develop paragraphs. They use grammar and punctuation to create relationships, including through the use of tense.",Literacy,"create,develop,grammar,ideas,punctuation,use","VC2E4LY01,VC2E4LY02,VC2E4LY03,VC2E4LY04",High
English,English,Year 4,Writing,"They expand their vocabulary, such as through using synonyms and antonyms, and they use adverbial phrases to build meaning. They explore language features, including wordplay.","Language,Literacy","build,explore,language,meaning,use,vocabulary","VC2E4LA01,VC2E4LA02,VC2E4LY01,VC2E4LY02",High
English,English,Year 4,Writing,"They write texts using clearly formed joined letters with developing fluency. They spell words, including multisyllabic and multimorphemic words with irregular spelling patterns, using phonic, morphemic and grammatical knowledge.",Literacy,"develop,fluency,knowledge,letters,spelling,texts,words,write","VC2E4LY01,VC2E4LY02,VC2E4LY03,VC2E4LY04",High
English,English,Year 5,Speaking and Listening,"When interacting with others, students use vocabulary precisely and select language for social purposes and roles, to clarify meaning and make connections.",Language,"interact,language,meaning,purpose,select,use,vocabulary","VC2E5LA01,VC2E5LA02,VC2E5LA03,VC2E5LA04",High
English,English,Year 5,Speaking and Listening,They extend their discussion beyond bare assertions and account for differing opinions and authoritative sources.,"Language,Literacy",discuss,"VC2E5LA01,VC2E5LA02,VC2E5LY01,VC2E5LY02",High
English,English,Year 5,Speaking and Listening,"When speaking to an audience, students deliver structured spoken texts, exploring topics and text types, including multimodal or digital elements. They select language for a specific purpose and use appropriate features of voice.",Language,"audience,deliver,language,purpose,select,speak,texts,use,voice","VC2E5LA01,VC2E5LA02,VC2E5LA03,VC2E5LA04",High
English,English,Year 5,Reading and Viewing,"When reading and viewing, students engage with a range of different types of texts for meaning.",Literacy,"engage,meaning,read,texts,view","VC2E5LY01,VC2E5LY02,VC2E5LY03,VC2E5LY04",High
English,English,Year 5,Reading and Viewing,"They read by integrating phonic, morphemic and vocabulary knowledge, and grammatical knowledge such as complex sentences and the use of clauses for effect.",Literacy,"knowledge,read,sentences,use,vocabulary","VC2E5LY01,VC2E5LY02,VC2E5LY03,VC2E5LY04",High
English,English,Year 5,Reading and Viewing,"When demonstrating understanding of texts, students identify textual aspects that represent details about historical, cultural and social contexts. They describe how texts convey feelings, mood, actions and ideas to build literal and inferred meanings. They evaluate information and ideas in texts. They explain how different types of texts, both print and digital, are organised into characteristic stages for purpose. They discuss the effects of imagery and sound devices in texts. They explain how the sequence of still images, and moving images and sound, create or affect meaning.","Literature,Literacy","build,create,describe,discuss,evaluate,explain,ideas,identify,images,information,meaning,present,purpose,texts,understand","VC2E5LE01,VC2E5LE02,VC2E5LY01,VC2E5LY02,VC2E5LY03,VC2E5LY04",High
English,English,Year 5,Writing,"When creating written and spoken texts for specific purposes and audiences, students develop ideas and adapt textual details drawn from texts and include appropriate multimodal elements. They edit their texts using an agreed set of criteria.",Literacy,"adapt,audience,develop,edit,ideas,purpose,texts","VC2E5LY01,VC2E5LY02,VC2E5LY03,VC2E5LY04",High
English,English,Year 5,Writing,"They use text structures, including paragraphs, to create prominence and build sequence and cohesion. They use grammar and punctuation, including complex sentences to provide additional information and description.",Literacy,"build,create,grammar,information,punctuation,sentences,use","VC2E5LY01,VC2E5LY02,VC2E5LY03,VC2E5LY04",High
English,English,Year 5,Writing,"They use precise vocabulary, such as specialist and technical terms. They experiment with language features, including figurative language.","Language,Literacy","experiment,language,use,vocabulary","VC2E5LA01,VC2E5LA02,VC2E5LY01,VC2E5LY02",High
English,English,Year 5,Writing,"They write legibly and fluently. They spell new and unfamiliar words using phonic, morphemic and grammatical knowledge.",Literacy,"knowledge,words,write","VC2E5LY01,VC2E5LY02,VC2E5LY03,VC2E5LY04",High
English,English,Year 6,Speaking and Listening,"When interacting with others, students use vivid vocabulary, select language to acknowledge formality and social distance, and use appropriate strategies such as paraphrasing and questioning.",Language,"interact,knowledge,language,select,use,vocabulary","VC2E6LA01,VC2E6LA02,VC2E6LA03,VC2E6LA04",High
English,English,Year 6,Speaking and Listening,They explore objective and subjective language and identify bias.,"Language,Literacy","explore,identify,language","VC2E6LA01,VC2E6LA02,VC2E6LY01,VC2E6LY02",High
English,English,Year 6,Speaking and Listening,"When speaking to an audience, students deliver structured spoken texts, exploring topics and text types, including multimodal or digital elements. They select language appropriate for purpose and audience and use appropriate features of voice.",Language,"audience,deliver,language,purpose,select,speak,texts,use,voice","VC2E6LA01,VC2E6LA02,VC2E6LA03,VC2E6LA04",High
English,English,Year 6,Reading and Viewing,"When reading and viewing, students engage with a range of different types of texts for meaning.",Literacy,"engage,meaning,read,texts,view","VC2E6LY01,VC2E6LY02,VC2E6LY03,VC2E6LY04",High
English,English,Year 6,Reading and Viewing,"They read by integrating phonic, morphemic and vocabulary knowledge; grammatical knowledge such as complex sentences and adverb groups; and knowledge of the multiple uses of commas.",Literacy,"knowledge,read,sentences,use,vocabulary","VC2E6LY01,VC2E6LY02,VC2E6LY03,VC2E6LY04",High
English,English,Year 6,Reading and Viewing,"When demonstrating understanding of texts, students explore and compare characters and events, and information and ideas, from different historical, cultural or social contexts to build literal and inferred meanings.","Literature,Literacy","build,compare,explore,ideas,information,meaning,texts,understand","VC2E6LE01,VC2E6LE02,VC2E6LY01,VC2E6LY02,VC2E6LY03,VC2E6LY04",High
English,English,Year 6,Reading and Viewing,"They explain how different types of texts, both print and digital, adapt text structures and language features for specific purposes. They explain the effects of imagery and sound devices in texts. They explain how still images, moving images and sound create point of view.",Literacy,"adapt,create,explain,images,language,purpose,texts,view","VC2E6LY01,VC2E6LY02,VC2E6LY03,VC2E6LY04",High
English,English,Year 6,Writing,"When creating written and spoken texts for specific purposes and audiences, students explore ideas and experiment with textual details from texts, and include appropriate multimodal elements. They edit their texts using an agreed set of criteria and explore editing choices.",Literacy,"audience,edit,experiment,explore,ideas,purpose,texts","VC2E6LY01,VC2E6LY02,VC2E6LY03,VC2E6LY04",High
English,English,Year 6,Writing,"They use text structures, including repetition, to create sequence and cohesion, sentence structure to expand ideas, and punctuation to create clarity.",Literacy,"create,ideas,punctuation,use","VC2E6LY01,VC2E6LY02,VC2E6LY03,VC2E6LY04",High
English,English,Year 6,Writing,"They use vivid, emotive vocabulary. They experiment with language features and literary devices.",Literature,"experiment,language,use,vocabulary","VC2E6LE01,VC2E6LE02",High
English,English,Year 6,Writing,"They write legibly and fluently for sustained periods. They spell new and technical words using phonic, morphemic and grammatical knowledge.",Literacy,"knowledge,words,write","VC2E6LY01,VC2E6LY02,VC2E6LY03,VC2E6LY04",High
English,English,Year 7,Speaking and Listening,"When interacting with others, students explore specialist and technical vocabulary and use language to express social identities.",Language,"explore,express,interact,language,use,vocabulary","VC2E7LA01,VC2E7LA02,VC2E7LA03,VC2E7LA04",High
English,English,Year 7,Speaking and Listening,"They discuss and present ideas, including about texts. They explore the language of evaluation and substantiation.","Language,Literacy","discuss,explore,ideas,language,present,texts","VC2E7LA01,VC2E7LA02,VC2E7LY01,VC2E7LY02",High
English,English,Year 7,Speaking and Listening,"When speaking to an audience, students deliver structured spoken texts, selecting text types appropriate for purpose and audience, including multimodal or digital elements. They demonstrate an understanding of formal language and use appropriate features of voice.",Language,"audience,deliver,demonstrate,language,purpose,select,speak,texts,understand,use,voice","VC2E7LA01,VC2E7LA02,VC2E7LA03,VC2E7LA04",High
English,English,Year 7,Reading and Viewing,"When reading and viewing, students engage with a range of different types of texts for meaning.",Literacy,"engage,meaning,read,texts,view","VC2E7LY01,VC2E7LY02,VC2E7LY03,VC2E7LY04",High
English,English,Year 7,Reading and Viewing,"They engage with vocabulary and grammatical knowledge, and the ways that different sentence structures extend and explain ideas, how accurate use of tense creates clarity and how punctuation supports meaning.",Literacy,"create,engage,explain,ideas,knowledge,meaning,punctuation,use,vocabulary","VC2E7LY01,VC2E7LY02,VC2E7LY03,VC2E7LY04",High
English,English,Year 7,Reading and Viewing,"When demonstrating understanding of texts, students explain ways that characters, settings and events combine and create meaning in texts from different historical, cultural or social contexts. They develop opinions about texts through explorations of how literary devices and language features, and still and moving images and sound, create characters, settings and events. They explain and summarise ideas drawn from texts.","Literature,Literacy","create,develop,explain,ideas,images,language,meaning,texts,understand","VC2E7LE01,VC2E7LE02,VC2E7LY01,VC2E7LY02,VC2E7LY03,VC2E7LY04",High
English,English,Year 7,Reading and Viewing,"They describe how texts, including print and digital, are structured for different purposes. They explain how literary devices create meaning and aesthetic qualities. They explore how perspective is created through still images, moving images and sound.","Literature,Literacy","create,describe,explain,explore,images,meaning,purpose,texts","VC2E7LE01,VC2E7LE02,VC2E7LY01,VC2E7LY02,VC2E7LY03,VC2E7LY04",High
English,English,Year 7,Writing,"When creating written and spoken texts, students convey ideas and information to a specific audience. They select textual details from texts appropriate for purpose, and include appropriate multimodal or digital elements. They review and edit their own and others’ texts and reflect on these processes.",Literacy,"audience,edit,ideas,information,purpose,reflect,review,select,texts,view","VC2E7LY01,VC2E7LY02,VC2E7LY03,VC2E7LY04",High
English,English,Year 7,Writing,"They use text structures that build sequence and cohesion in a text; grammar, including sentence structures, to achieve clarity; and punctuation to support meaning.","Language,Literacy","build,grammar,meaning,punctuation,use","VC2E7LA01,VC2E7LA02,VC2E7LY01,VC2E7LY02",High
English,English,Year 7,Writing,They use vocabulary that builds specialist and technical knowledge. They experiment with language features and literary devices they have encountered in texts.,Literature,"build,experiment,knowledge,language,texts,use,vocabulary","VC2E7LE01,VC2E7LE02",High
English,English,Year 7,Writing,They use spelling rules and knowledge of word origins to spell unfamiliar words.,Literacy,"knowledge,spelling,use,words","VC2E7LY01,VC2E7LY02,VC2E7LY03,VC2E7LY04",High
English,English,Year 8,Speaking and Listening,"When interacting with others, students explore academic vocabulary and use language to support relationships and roles.",Language,"explore,interact,language,use,vocabulary","VC2E8LA01,VC2E8LA02,VC2E8LA03,VC2E8LA04",High
English,English,Year 8,Speaking and Listening,They explore and challenge the various meanings in text through discussions with others. They explore rhetorical and literary devices when evaluating and substantiating.,Literature,"discuss,explore,meaning","VC2E8LE01,VC2E8LE02",High
English,English,Year 8,Speaking and Listening,"When speaking to an audience, students deliver structured spoken texts, selecting text types appropriate for purpose and audience, including multimodal or digital elements. They use language to suit formal and informal contexts, and appropriate features of voice.",Language,"audience,deliver,language,purpose,select,speak,texts,use,voice","VC2E8LA01,VC2E8LA02,VC2E8LA03,VC2E8LA04",High
English,English,Year 8,Reading and Viewing,"When reading and viewing, students engage with a range of different types of texts for meaning.",Literacy,"engage,meaning,read,texts,view","VC2E8LY01,VC2E8LY02,VC2E8LY03,VC2E8LY04",High
English,English,Year 8,Reading and Viewing,"They engage with vocabulary and grammatical knowledge, and the ways that different clause structures add information, the effects of nominalisation and how punctuation supports meaning.","Language,Literacy","engage,information,knowledge,meaning,punctuation,use,vocabulary","VC2E8LA01,VC2E8LA02,VC2E8LY01,VC2E8LY02",High
English,English,Year 8,Reading and Viewing,"When demonstrating understanding of texts, students identify and explain intertextual references, issues and points of view from diverse historical, cultural and social contexts. They explore opinions about texts through explorations of how literary devices and language features, and still and moving images and sound, influence the reader’s response to represented values. They analyse and evaluate the ways that ideas are organised in texts.","Literature,Literacy","analyse,evaluate,explain,explore,ideas,identify,images,language,present,read,texts,understand,view","VC2E8LE01,VC2E8LE02,VC2E8LY01,VC2E8LY02,VC2E8LY03,VC2E8LY04",High
English,English,Year 8,Reading and Viewing,"They explain how texts, including print, digital and hybrid, are structured for different purposes. They explore how literary devices, including imagery, create meaning and aesthetic qualities. They explore how still images, moving images and sound use intertextual references to create meaning.","Literature,Literacy","create,explain,explore,images,meaning,purpose,texts,use","VC2E8LE01,VC2E8LE02,VC2E8LY01,VC2E8LY02,VC2E8LY03,VC2E8LY04",High
English,English,Year 8,Writing,"When creating written and spoken texts, students select and expand on ideas and experiment with language features and literary devices for purpose and effect, and include appropriate multimodal or digital elements. They review and edit their own and others’ texts and reflect on these processes.","Literature,Literacy","edit,experiment,ideas,language,purpose,reflect,review,select,texts,view","VC2E8LE01,VC2E8LE02,VC2E8LY01,VC2E8LY02,VC2E8LY03,VC2E8LY04",High
English,English,Year 8,Writing,They use evidence and substantiation to create cohesion; structure to create sequence; grammar to add information and expand ideas; and punctuation to support meaning.,Literacy,"create,grammar,ideas,information,meaning,punctuation,use","VC2E8LY01,VC2E8LY02,VC2E8LY03,VC2E8LY04",High
English,English,Year 8,Writing,"They use vocabulary typical of academic texts, including nominalisation. They experiment with language features and literary devices for effect.",Literature,"experiment,language,texts,use,vocabulary","VC2E8LE01,VC2E8LE02",High
English,English,Year 8,Writing,They use spelling rules and word origins to learn and accurately spell new words.,Literacy,"spelling,use,words","VC2E8LY01,VC2E8LY02,VC2E8LY03,VC2E8LY04",High
English,English,Year 9,Speaking and Listening,"When interacting with others, students explore vocabulary of mood and style and use language to strengthen relationships and roles.",Language,"explore,interact,language,use,vocabulary","VC2E9LA01,VC2E9LA02,VC2E9LA03,VC2E9LA04",High
English,English,Year 9,Speaking and Listening,They discuss opinions on texts. They use evaluative and substantiative language to express individual views.,Literacy,"discuss,express,language,texts,use,view","VC2E9LY01,VC2E9LY02,VC2E9LY03,VC2E9LY04",High
English,English,Year 9,Speaking and Listening,"When speaking to an audience, students deliver structured spoken texts, selecting text types appropriate for purpose and audience, including multimodal or digital elements. They demonstrate different levels of formality in their language choice and use appropriate features of voice.",Language,"audience,deliver,demonstrate,language,purpose,select,speak,texts,use,voice","VC2E9LA01,VC2E9LA02,VC2E9LA03,VC2E9LA04",High
English,English,Year 9,Reading and Viewing,"When reading and viewing, students engage with a range of different types of texts for meaning.",Literacy,"engage,meaning,read,texts,view","VC2E9LY01,VC2E9LY02,VC2E9LY03,VC2E9LY04",High
English,English,Year 9,Reading and Viewing,"They engage with vocabulary and grammatical knowledge, including the ways that sentence structures are varied for creative effect and how punctuation supports citation and reference.",Literacy,"engage,knowledge,punctuation,vocabulary","VC2E9LY01,VC2E9LY02,VC2E9LY03,VC2E9LY04",High
English,English,Year 9,Reading and Viewing,"When demonstrating understanding of texts, students discuss their responses to texts from diverse historical, cultural and social contexts, and they compare initial and subsequent impressions. They explore different responses, including personal impressions. They analyse how language and/or still and moving images and sound represent values, beliefs and attitudes and are used to shape audiences’ preferences. They analyse the relationship between text structures, language features, literary devices and intertextual connections.","Literature,Literacy","analyse,audience,compare,discuss,explore,images,language,preferences,present,texts,understand,use","VC2E9LE01,VC2E9LE02,VC2E9LY01,VC2E9LY02,VC2E9LY03,VC2E9LY04",High
English,English,Year 9,Reading and Viewing,"They explore how authors adapt and experiment with texts, including print, digital and hybrid, according to purpose. They analyse how literary devices, including poetic features, create meaning and aesthetic qualities. They analyse how symbols in still and moving images, and sound effects, create meaning.","Literature,Literacy","adapt,analyse,create,experiment,explore,images,meaning,purpose,texts","VC2E9LE01,VC2E9LE02,VC2E9LY01,VC2E9LY02,VC2E9LY03,VC2E9LY04",High
English,English,Year 9,Writing,"When creating written and spoken texts, students present ideas through a point of view and/or a voice. They experiment with textual elements and include appropriate multimodal or digital elements. They review and edit their own and others’ texts for clarity and control and reflect on these processes.",Literacy,"edit,experiment,ideas,present,reflect,review,texts,view,voice","VC2E9LY01,VC2E9LY02,VC2E9LY03,VC2E9LY04",High
English,English,Year 9,Writing,"They experiment with text structures for cohesion and sequence, vary grammar for creative effect and use punctuation to condense and link ideas.",Literacy,"experiment,grammar,ideas,punctuation,use,vary","VC2E9LY01,VC2E9LY02,VC2E9LY03,VC2E9LY04",High
English,English,Year 9,Writing,"They use vocabulary that contributes to style, mood and tone. They use language features and literary devices to create hybrid texts.","Literature,Literacy","create,language,texts,use,vocabulary","VC2E9LE01,VC2E9LE02,VC2E9LY01,VC2E9LY02,VC2E9LY03,VC2E9LY04",High
English,English,Year 9,Writing,They explore standard and non-standard spelling for creative effect.,Literacy,"explore,spelling","VC2E9LY01,VC2E9LY02,VC2E9LY03,VC2E9LY04",High
English,English,Year 10,Speaking and Listening,"When interacting with others, students use an expanded vocabulary and distinguish inclusive and exclusive language.",Language,"interact,language,use,vocabulary","VC2E10LA01,VC2E10LA02,VC2E10LA03,VC2E10LA04",High
English,English,Year 10,Speaking and Listening,They discuss and present opinions about texts. They explore language that reveals views and values.,Literacy,"discuss,explore,language,present,texts,view","VC2E10LY01,VC2E10LY02,VC2E10LY03,VC2E10LY04",High
English,English,Year 10,Speaking and Listening,"When speaking to an audience, students deliver structured spoken texts, selecting text types appropriate for purpose and audience, including multimodal or digital elements. They experiment with formality in their language and use appropriate features of voice.",Language,"audience,deliver,experiment,language,purpose,select,speak,texts,use,voice","VC2E10LA01,VC2E10LA02,VC2E10LA03,VC2E10LA04",High
English,English,Year 10,Reading and Viewing,"When reading and viewing, students engage with a range of different types of texts for meaning.",Literacy,"engage,meaning,read,texts,view","VC2E10LY01,VC2E10LY02,VC2E10LY03,VC2E10LY04",High
English,English,Year 10,Reading and Viewing,"They engage with vocabulary and grammatical knowledge, and the ways that sentence structures, syntax and punctuation express ideas.","Language,Literacy","engage,express,ideas,knowledge,punctuation,vocabulary","VC2E10LA01,VC2E10LA02,VC2E10LY01,VC2E10LY02",High
English,English,Year 10,Reading and Viewing,"When demonstrating understanding of texts, students analyse and evaluate representations from diverse historical, cultural and social contexts, and compare initial and subsequent impressions. They synthesise their own interpretations of a text, and evaluate how literary devices, and still and moving images and sound, represent values, beliefs and attitudes. They evaluate the connections between text structures, language features, literary devices and intertextual references.","Literature,Literacy","analyse,compare,evaluate,images,interpret,language,present,synthesise,texts,understand","VC2E10LE01,VC2E10LE02,VC2E10LY01,VC2E10LY02,VC2E10LY03,VC2E10LY04",High
English,English,Year 10,Reading and Viewing,"They analyse and evaluate the structures of texts, including print, digital and hybrid, according to purpose. They compare the use of voice as a device to evoke emotion and to create aesthetic qualities. They evaluate the features of still images, moving images and sound and their effects on representation.",Literacy,"analyse,compare,create,evaluate,images,present,purpose,texts,use,voice","VC2E10LY01,VC2E10LY02,VC2E10LY03,VC2E10LY04",High
English,English,Year 10,Writing,"When creating written and spoken texts, students use a sustained voice and reflect on challenging or complex ideas or issues. They select appropriate textual elements for purpose and audience, and include appropriate multimodal or digital elements. They review, edit and refine their own and others’ texts and reflect on these processes.",Literacy,"audience,edit,ideas,purpose,refine,reflect,review,select,texts,use,view,voice","VC2E10LY01,VC2E10LY02,VC2E10LY03,VC2E10LY04",High
English,English,Year 10,Writing,"They vary and experiment with text structures, grammar and punctuation to create and maintain cohesion and sequence.",Literacy,"create,experiment,grammar,punctuation,vary","VC2E10LY01,VC2E10LY02,VC2E10LY03,VC2E10LY04",High
English,English,Year 10,Writing,"They use vocabulary with precision for purpose. They select, adapt and apply language features and literary devices, and use a sustained voice.",Literature,"adapt,apply,language,purpose,select,use,vocabulary,voice","VC2E10LE01,VC2E10LE02",High
English,English,Year 10,Writing,They use standard and non-standard spelling appropriate for purpose and audience.,Literacy,"audience,purpose,spelling,use","VC2E10LY01,VC2E10LY02,VC2E10LY03,VC2E10LY04",High
